Apple,52
Apricot,48
Avocado,160
Banana,89
Blackberries,43
Blueberries,57
Cranberries,46
Coconut,354
Cherimoya,75
Dates,277
Medjool,277
Fig,74
Grapefruit,42
Grapes,69
Kiwi,58
Lemon,29
Mango,60
Melon,36
Honeydew,36
Nectarine,39
Orange,47
Papaya,43
Peach,42
Pear,57
Pineapple,50
Plum,46
Raspberries,52
Rhubarb,21
Strawberries,32
Tomato,18
Watermelon,30
Alfalfa(Sprouted),23
Burger,325
Pizza,375
Milk,100
Icecream,114
Cold drink,95
Alcohol,100
Sweets,150
Bread,60
Chapati,100
Rice,325
Chicken,220
Fish,100
Egg,50
Corn,86
Kale,35
Kidney beans,135
Lentils,165
Lettuce,14